airport_code,airport_full_name,city,state,country_code,latitude,longitude
ABE,Lehigh Valley International Airport,Allentown,Pennsylvania,US,40.651773,-75.442797
ABI,Abilene Regional Airport,Abilene,Texas,US,32.41130066,-99.68190002
ABQ,Albuquerque International Sunport,Albuquerque,New Mexico,US,35.039976,-106.608925
ABR,Aberdeen Regional Airport,Aberdeen,South Dakota,US,45.44910049,-98.42179871
ABY,Southwest Georgia Regional Airport,Albany,Georgia,US,31.532946,-84.196215
ACK,Nantucket Memorial Airport,Nantucket,Massachusetts,US,41.25310135,-70.06020355
ACT,Waco Regional Airport,Waco,Texas,US,31.61129951,-97.23049927
ACV,California Redwood Coast-Humboldt County Airport,Arcata/Eureka,California,US,40.978101,-124.109
ACY,Atlantic City International Airport,Atlantic City,New Jersey,US,39.45759964,-74.57720184
ADK,Adak Airport,Adak,Alaska,US,51.883564,-176.642783
ADQ,Kodiak Airport,Kodiak,Alaska,US,57.75,-152.4940033
AEX,Alexandria International Airport,Alexandria,Louisiana,US,31.3274,-92.549797
AGS,Augusta Regional At Bush Field,Augusta,Georgia,US,33.3699,-81.9645
AKN,King Salmon Airport,King Salmon,Alaska,US,58.677845,-156.651965
ALB,Albany International Airport,Albany,New York,US,42.74829865,-73.80169678
ALO,Waterloo Regional Airport,Waterloo,Iowa,US,42.55709839,-92.40029907
ALS,San Luis Valley Regional Airport/Bergman Field,Alamosa,Colorado,US,37.434898,-105.866997
ALW,Walla Walla Regional Airport,Walla Walla,Washington,US,46.09489822,-118.288002
AMA,Rick Husband Amarillo International Airport,Amarillo,Texas,US,35.219398,-101.706001
ANC,Ted Stevens Anchorage International Airport,Anchorage,Alaska,US,61.179004,-149.992561
APF,Naples Municipal Airport,Naples,Florida,US,26.15259933,-81.77529907
APN,Alpena County Regional Airport,Alpena,Michigan,US,45.0780983,-83.56030273
ART,Watertown International Airport,Watertown,New York,US,43.991901,-76.021698
ASE,Aspen-Pitkin County Airport (Sardy Field),Aspen,Colorado,US,39.223202,-106.869003
ATL,Hartsfield Jackson Atlanta International Airport,Atlanta,Georgia,US,33.6367,-84.428101
ATW,Appleton International Airport,Appleton,Wisconsin,US,44.258099,-88.519096
ATY,Watertown Regional Airport,Watertown,South Dakota,US,44.91400146,-97.15470123
AUS,Austin Bergstrom International Airport,Austin,Texas,US,30.197535,-97.662015
AVL,Asheville Regional Airport,Asheville,North Carolina,US,35.436199,-82.541801
AVP,Wilkes Barre Scranton International Airport,Wilkes-Barre/Scranton,Pennsylvania,US,41.33850098,-75.7233963
AZA,Mesa Gateway Airport,Mesa,Arizona,US,33.3078,-111.654999
AZO,Kalamazoo Battle Creek International Airport,Kalamazoo,Michigan,US,42.23490143,-85.55210114
BDL,Bradley International Airport,Hartford,Connecticut,US,41.93851,-72.688066
BET,Bethel Airport,Bethel,Alaska,US,60.77980042,-161.8379974
BFF,Western Neb. Rgnl/William B. Heilig Airport,Scottsbluff,Nebraska,US,41.87400055,-103.5960007
BFL,Meadows Field,Bakersfield,California,US,35.433601,-119.056999
BFM,Mobile Downtown Airport,Mobile,Alabama,US,30.62680054,-88.06809998
BGM,Greater Binghamton/Edwin A Link field,Binghamton,New York,US,42.20869827,-75.97979736
BGR,Bangor International Airport,Bangor,Maine,US,44.8074,-68.828102
BHM,Birmingham-Shuttlesworth International Airport,Birmingham,Alabama,US,33.562901,-86.753502
BIH,Eastern Sierra Regional Airport,Bishop,California,US,37.3731,-118.363998
BIL,Billings Logan International Airport,Billings,Montana,US,45.807701,-108.542999
BIS,Bismarck Municipal Airport,Bismarck,North Dakota,US,46.77270126,-100.7460022
BJI,Bemidji Regional Airport,Bemidji,Minnesota,US,47.50939941,-94.93370056
BKG,Branson Airport,Branson,Missouri,US,36.532082,-93.200544
BLI,Bellingham International Airport,Bellingham,Washington,US,48.7928009,-122.538002
BLV,Scott AFB/Midamerica Airport,Belleville,Illinois,US,38.5452,-89.835197
BMI,Central Illinois Regional Airport at Bloomington-Normal,Bloomington/Normal,Illinois,US,40.4771,-88.915901
BNA,Nashville International Airport,Nashville,Tennessee,US,36.1245,-86.6782
BOI,Boise Air Terminal/Gowen Field,Boise,Idaho,US,43.5644,-116.223
BOS,Logan International Airport,Boston,Massachusetts,US,42.36197,-71.0079
BPT,Jack Brooks Regional Airport,Beaumont/Port Arthur,Texas,US,29.9508,-94.020699
BQK,Brunswick Golden Isles Airport,Brunswick,Georgia,US,31.258801,-81.466499
BRD,Brainerd Lakes Regional Airport,Brainerd,Minnesota,US,46.402861,-94.129727
BRO,Brownsville South Padre Island International Airport,Brownsville,Texas,US,25.90679932,-97.42590332
BRW,Wiley Post Will Rogers Memorial Airport,Utqiaġvik,Alaska,US,71.285402,-156.766008
BTM,Bert Mooney Airport,Butte,Montana,US,45.95479965,-112.4970016
BTR,Baton Rouge Metropolitan Airport,Baton Rouge,Louisiana,US,30.533199,-91.149597
BTV,Burlington International Airport,South Burlington,Vermont,US,44.471901,-73.153297
BUF,Buffalo Niagara International Airport,Buffalo,New York,US,42.940498,-78.732201
BUR,Hollywood Burbank Airport,Burbank,California,US,34.197703,-118.356378
BWI,Baltimore/Washington International Thurgood Marshall Airport,Baltimore,Maryland,US,39.1754,-76.668297
BZN,Bozeman Yellowstone International Airport,Bozeman,Montana,US,45.7775,-111.153
CAE,Columbia Metropolitan Airport,Columbia,South Carolina,US,33.938801,-81.119499
CAK,Akron Canton Regional Airport,Akron,Ohio,US,40.91609955,-81.44219971
CBM,Columbus Air Force Base,Columbus,Mississippi,US,33.643799,-88.443802
CDB,Cold Bay Airport,Cold Bay,Alaska,US,55.207871,-162.725029
CDC,Cedar City Regional Airport,Cedar City,Utah,US,37.70100021,-113.098999
CDV,Merle K (Mudhole) Smith Airport,Cordova,Alaska,US,60.491798,-145.477997
CEC,Jack Mc Namara Field Airport,Crescent City,California,US,41.778929,-124.236403
CGI,Cape Girardeau Regional Airport,Cape Girardeau,Missouri,US,37.2253,-89.570801
CHA,Chattanooga Metropolitan Airport (Lovell Field),Chattanooga,Tennessee,US,35.035301,-85.203796
CHO,Charlottesville Albemarle Airport,Charlottesville,Virginia,US,38.1385994,-78.45290375
CHS,Charleston International Airport,Charleston,South Carolina,US,32.898602,-80.040497
CIC,Chico Regional Airport,Chico,California,US,39.795595,-121.857716
CID,The Eastern Iowa Airport,Cedar Rapids,Iowa,US,41.884701,-91.7108
CIU,Chippewa County International Airport,Kincheloe,Michigan,US,46.247707,-84.471379
CKB,North Central West Virginia Airport,Bridgeport,West Virginia,US,39.2966,-80.228104
CLD,McClellan-Palomar Airport,Carlsbad,California,US,33.1283,-117.279999
CLE,Cleveland Hopkins International Airport,Cleveland,Ohio,US,41.411701,-81.8498
CLL,Easterwood Field,College Station,Texas,US,30.5886,-96.3638
CLT,Charlotte Douglas International Airport,Charlotte,North Carolina,US,35.2140007,-80.94309998
CMH,John Glenn Columbus International Airport,Columbus,Ohio,US,39.998001,-82.891899
CMI,University of Illinois Willard Airport,Savoy,Illinois,US,40.039819,-88.276249
CMX,Houghton County Memorial Airport,Hancock,Michigan,US,47.16839981,-88.4890976
CNY,Canyonlands Regional Airport,Moab,Utah,US,38.755001,-109.754997
COD,Yellowstone Regional Airport,Cody,Wyoming,US,44.520199,-109.024002
COS,City of Colorado Springs Municipal Airport,Colorado Springs,Colorado,US,38.805801,-104.700996
COU,Columbia Regional Airport,Columbia,Missouri,US,38.8181,-92.219597
CPR,Casper-Natrona County International Airport,Casper,Wyoming,US,42.908001,-106.463997
CRP,Corpus Christi International Airport,Corpus Christi,Texas,US,27.770399,-97.501198
CRW,Yeager Airport,Charleston,West Virginia,US,38.3731,-81.593201
CSG,Columbus Metropolitan Airport,Columbus,Georgia,US,32.5163002,-84.93890381
CVG,Cincinnati Northern Kentucky International Airport,Cincinnati / Covington,Kentucky,US,39.048801,-84.667801
CWA,Central Wisconsin Airport,Mosinee,Wisconsin,US,44.777448,-89.670238
CYS,Cheyenne Regional Jerry Olson Field,Cheyenne,Wyoming,US,41.155701,-104.811997
DAB,Daytona Beach International Airport,Daytona Beach,Florida,US,29.179899,-81.058098
DAL,Dallas Love Field,Dallas,Texas,US,32.847099,-96.851799
DAY,James M Cox Dayton International Airport,Dayton,Ohio,US,39.902401,-84.219398
DBQ,Dubuque Regional Airport,Dubuque,Iowa,US,42.402,-90.709503
DCA,Ronald Reagan Washington National Airport,Washington,District of Columbia,US,38.8521,-77.037697
DDC,Dodge City Regional Airport,Dodge City,Kansas,US,37.76340103,-99.96559906
DEC,Decatur Airport,Decatur,Illinois,US,39.83459854,-88.86569977
DEN,Denver International Airport,Denver,Colorado,US,39.86169815,-104.6729965
DFW,Dallas Fort Worth International Airport,Dallas-Fort Worth,Texas,US,32.896801,-97.038002
DHN,Dothan Regional Airport,Dothan,Alabama,US,31.32130051,-85.44960022
DIK,Dickinson Theodore Roosevelt Regional Airport,Dickinson,North Dakota,US,46.797533,-102.801905
DLG,Dillingham Airport,Dillingham,Alaska,US,59.04470062,-158.5050049
DLH,Duluth International Airport,Duluth,Minnesota,US,46.842098,-92.193604
DRO,Durango La Plata County Airport,Durango,Colorado,US,37.151501,-107.753998
DRT,Del Rio International Airport,Del Rio,Texas,US,29.37420082,-100.927002
DSM,Des Moines International Airport,Des Moines,Iowa,US,41.534,-93.663101
DTW,Detroit Metropolitan Wayne County Airport,Detroit,Michigan,US,42.21377,-83.353786
DUT,Tom Madsen (Dutch Harbor) Airport,Unalaska,Alaska,US,53.89881,-166.544996
DVL,Devils Lake Regional Airport,Devils Lake,North Dakota,US,48.115454,-98.908796
EAR,Kearney Regional Airport,Kearney,Nebraska,US,40.727001,-99.006798
EAT,Pangborn Memorial Airport,Wenatchee,Washington,US,47.398899,-120.207001
EAU,Chippewa Valley Regional Airport,Eau Claire,Wisconsin,US,44.86579895,-91.48429871
ECP,Northwest Florida Beaches International Airport,Panama City Beach,Florida,US,30.357106,-85.795414
EFD,Ellington Airport,Houston,Texas,US,29.6072998,-95.15879822
EGE,Eagle County Regional Airport,Eagle,Colorado,US,39.64260101,-106.9179993
EKO,Elko Regional Airport,Elko,Nevada,US,40.82490158,-115.7919998
ELM,Elmira Corning Regional Airport,Elmira/Corning,New York,US,42.15990067,-76.89160156
ELP,El Paso International Airport,El Paso,Texas,US,31.807199,-106.377998
ENV,Wendover Airport,Wendover,Utah,US,40.71870041,-114.0309982
ERI,Erie International Tom Ridge Field,Erie,Pennsylvania,US,42.083127,-80.173867
ESC,Delta County Airport,Escanaba,Michigan,US,45.723199,-87.088623
EUG,Mahlon Sweet Field,Eugene,Oregon,US,44.12459946,-123.211998
EVV,Evansville Regional Airport,Evansville,Indiana,US,38.03699875,-87.53240204
EWN,Coastal Carolina Regional Airport,New Bern,North Carolina,US,35.07300186,-77.04290009
EWR,Newark Liberty International Airport,Newark,New Jersey,US,40.692501,-74.168701
EYW,Key West International Airport,Key West,Florida,US,24.556101,-81.759598
FAI,Fairbanks International Airport,Fairbanks,Alaska,US,64.815102,-147.856003
FAR,Hector International Airport,Fargo,North Dakota,US,46.92070007,-96.81580353
FAT,Fresno Yosemite International Airport,Fresno,California,US,36.776199,-119.718002
FAY,Fayetteville Regional Airport - Grannis Field,Fayetteville,North Carolina,US,34.991199,-78.880302
FCA,Glacier Park International Airport,Kalispell,Montana,US,48.3105011,-114.2559967
FLG,Flagstaff Pulliam International Airport,Flagstaff,Arizona,US,35.1385,-111.670998
FLL,Fort Lauderdale Hollywood International Airport,Fort Lauderdale,Florida,US,26.072599,-80.152702
FLO,Florence Regional Airport,Florence,South Carolina,US,34.1853981,-79.72389984
FMN,Four Corners Regional Airport,Farmington,New Mexico,US,36.741199,-108.230003
FNL,Northern Colorado Regional Airport,Loveland,Colorado,US,40.44969,-105.011272
FNT,Bishop International Airport,Flint,Michigan,US,42.9654007,-83.74359894
FOD,Fort Dodge Regional Airport,Fort Dodge,Iowa,US,42.552624,-94.191237
FOE,Topeka Regional Airport,Topeka,Kansas,US,38.950901,-95.663597
FSD,Sioux Falls Regional Airport / Joe Foss Field,Sioux Falls,South Dakota,US,43.585463,-96.741152
FSM,Fort Smith Regional Airport,Fort Smith,Arkansas,US,35.336601,-94.367401
FWA,Fort Wayne International Airport,Fort Wayne,Indiana,US,40.9785,-85.195099
GCC,Northeast Wyoming Regional Airport,Gillette,Wyoming,US,44.3489,-105.539001
GCK,Garden City Regional Airport,Garden City,Kansas,US,37.92750168,-100.723999
GEG,Spokane International Airport,Spokane,Washington,US,47.6199,-117.533997
GFK,Grand Forks International Airport,Grand Forks,North Dakota,US,47.949299,-97.176102
GGG,East Texas Regional Airport,Longview,Texas,US,32.38399887,-94.71150208
GJT,Grand Junction Regional Airport,Grand Junction,Colorado,US,39.126663,-108.529387
GLH,Mid Delta Regional Airport,Greenville,Mississippi,US,33.482899,-90.985603
GNV,Gainesville Regional Airport,Gainesville,Florida,US,29.69009972,-82.27179718
GPT,Gulfport Biloxi International Airport,Gulfport,Mississippi,US,30.407301,-89.070099
GRB,Austin Straubel International Airport,Green Bay,Wisconsin,US,44.483459,-88.130805
GRI,Central Nebraska Regional Airport,Grand Island,Nebraska,US,40.96749878,-98.30960083
GRK,Killeen Regional Airport / Robert Gray Army Airfield,Fort Cavazos,Texas,US,31.0672,-97.828903
GRR,Gerald R. Ford International Airport,Grand Rapids,Michigan,US,42.88079834,-85.52279663
GSO,Piedmont Triad International Airport,Greensboro,North Carolina,US,36.097801,-79.937302
GSP,Greenville Spartanburg International Airport,Greer,South Carolina,US,34.895699,-82.218903
GST,Gustavus Airport,Gustavus,Alaska,US,58.4253006,-135.7070007
GTF,Great Falls International Airport,Great Falls,Montana,US,47.48199844,-111.3710022
GTR,Golden Triangle Regional Airport,Columbus/W Point/Starkville,Mississippi,US,33.450298,-88.5914
GUC,Gunnison Crested Butte Regional Airport,Gunnison,Colorado,US,38.534672,-106.934566
HDN,Yampa Valley Airport,Hayden,Colorado,US,40.481201,-107.218002
HGR,Hagerstown Regional Richard A Henson Field,Hagerstown,Maryland,US,39.708771,-77.728014
HHH,Hilton Head Airport,Hilton Head Island,South Carolina,US,32.2244,-80.697502
HIB,Range Regional Airport,Hibbing,Minnesota,US,47.384831,-92.836905
HKY,Hickory Regional Airport,Hickory,North Carolina,US,35.74110031,-81.38950348
HLN,Helena Regional Airport,Helena,Montana,US,46.6068,-111.983002
HNL,Daniel K Inouye International Airport,"Honolulu, Oahu",Hawaii,US,21.32062,-157.924228
HOB,Lea County Regional Airport,Hobbs,New Mexico,US,32.6875,-103.217003
HOU,William P Hobby Airport,Houston,Texas,US,29.645399,-95.2789
HPN,Westchester County Airport,White Plains,New York,US,41.06700134,-73.70760345
HRL,Valley International Airport,Harlingen,Texas,US,26.22850037,-97.65440369
HSV,Huntsville International Carl T Jones Field,Huntsville,Alabama,US,34.637199,-86.775101
HTS,Tri-State Airport / Milton J. Ferguson Field,Huntington,West Virginia,US,38.366699,-82.557999
HVN,Tweed New Haven Airport,New Haven,Connecticut,US,41.26369858,-72.88680267
HYA,Cape Cod Gateway Airport,Hyannis,Massachusetts,US,41.6693,-70.280403
HYS,Hays Regional Airport,Hays,Kansas,US,38.844521,-99.273148
IAD,Washington Dulles International Airport,Dulles,Virginia,US,38.9445,-77.455803
IAG,Niagara Falls International Airport,Niagara Falls,New York,US,43.1073,-78.946198
IAH,George Bush Intercontinental Houston Airport,Houston,Texas,US,29.9843998,-95.34140015
ICT,Wichita Eisenhower National Airport,Wichita,Kansas,US,37.649899,-97.433098
IDA,Idaho Falls Regional Airport,Idaho Falls,Idaho,US,43.514599,-112.070999
IFP,Laughlin Bullhead International Airport,Bullhead City,Arizona,US,35.157398,-114.559998
ILE,Skylark Field,Killeen,Texas,US,31.08580017,-97.68650055
ILG,Wilmington Airport,Wilmington,Delaware,US,39.678699,-75.606499
ILM,Wilmington International Airport,Wilmington,North Carolina,US,34.27059937,-77.90260315
IMT,Ford Airport,Kingsford,Michigan,US,45.81911,-88.114557
IND,Indianapolis International Airport,Indianapolis,Indiana,US,39.7173,-86.294403
INL,Falls International Airport,International Falls,Minnesota,US,48.56620026,-93.40309906
IPL,Imperial County Airport,Imperial,California,US,32.83539,-115.574026
IPT,Williamsport Regional Airport,Williamsport,Pennsylvania,US,41.242126,-76.92245
ISO,Kinston Regional Jetport At Stallings Field,Kinston,North Carolina,US,35.33140183,-77.6088028
ISP,Long Island Mac Arthur Airport,Islip,New York,US,40.79520035,-73.10019684
ITH,Ithaca Tompkins Regional Airport,Ithaca,New York,US,42.49100113,-76.45839691
ITO,Hilo International Airport,Hilo,Hawaii,US,19.72135,-155.045428
IYK,Inyokern Airport,Inyokern,California,US,35.65879822,-117.8300018
JAC,Jackson Hole Airport,Jackson,Wyoming,US,43.6072998,-110.737999
JAN,Jackson-Medgar Wiley Evers International Airport,Jackson,Mississippi,US,32.311199,-90.075897
JAX,Jacksonville International Airport,Jacksonville,Florida,US,30.492469,-81.687813
JFK,John F Kennedy International Airport,New York,New York,US,40.639447,-73.779317
JLN,Joplin Regional Airport,Joplin,Missouri,US,37.151798,-94.498299
JMS,Jamestown Regional Airport,Jamestown,North Dakota,US,46.92969894,-98.67819977
JNU,Juneau International Airport,Juneau,Alaska,US,58.355,-134.576004
JST,John Murtha Johnstown Cambria County Airport,Johnstown,Pennsylvania,US,40.31610107,-78.83390045
KOA,Ellison Onizuka Kona International Airport at Keahole,Kailua-Kona,Hawaii,US,19.738783,-156.045603
KTN,Ketchikan International Airport,Ketchikan,Alaska,US,55.35559845,-131.7140045
LAN,Capital City Airport,Lansing,Michigan,US,42.77870178,-84.58740234
LAR,Laramie Regional Airport,Laramie,Wyoming,US,41.31209946,-105.6750031
LAS,Harry Reid International Airport,Las Vegas,Nevada,US,36.083361,-115.151817
LAW,Lawton Fort Sill Regional Airport,Lawton,Oklahoma,US,34.567699,-98.416603
LAX,Los Angeles International Airport,Los Angeles,California,US,33.942501,-118.407997
LBB,Lubbock Preston Smith International Airport,Lubbock,Texas,US,33.663601,-101.822998
LBE,Arnold Palmer Regional Airport,Latrobe,Pennsylvania,US,40.275902,-79.4048
LBF,North Platte Regional Airport Lee Bird Field,North Platte,Nebraska,US,41.12620163,-100.6839981
LBL,Liberal Mid-America Regional Airport,Liberal,Kansas,US,37.0442009,-100.9599991
LCH,Lake Charles Regional Airport,Lake Charles,Louisiana,US,30.12610054,-93.22329712
LCK,Rickenbacker International Airport,Columbus,Ohio,US,39.813801,-82.927803
LEX,Blue Grass Airport,Lexington,Kentucky,US,38.036499,-84.605904
LFT,Lafayette Regional Airport,Lafayette,Louisiana,US,30.205299,-91.987602
LGA,LaGuardia Airport,New York,New York,US,40.777199,-73.872597
LGB,Long Beach International Airport,Long Beach,California,US,33.816523,-118.149891
LIH,Lihue Airport,Lihue,Hawaii,US,21.976,-159.339005
LIT,Bill & Hillary Clinton National Airport/Adams Field,Little Rock,Arkansas,US,34.729582,-92.223728
LMT,Crater Lake-Klamath Regional Airport,Klamath Falls,Oregon,US,42.156101,-121.733002
LNK,Lincoln Airport,Lincoln,Nebraska,US,40.85100174,-96.75920105
LNY,Lanai Airport,Lanai City,Hawaii,US,20.785675,-156.951324
LRD,Laredo International Airport,Laredo,Texas,US,27.54380035,-99.46160126
LSE,La Crosse Regional Airport,La Crosse,Wisconsin,US,43.879002,-91.256699
LWB,Greenbrier Valley Airport,Lewisburg,West Virginia,US,37.857914,-80.400438
LWS,Lewiston Nez Perce County Airport,Lewiston,Idaho,US,46.37450027,-117.0149994
LYH,Lynchburg Regional Airport - Preston Glenn Field,Lynchburg,Virginia,US,37.326698,-79.200401
MAF,Midland International Air and Space Port,Midland,Texas,US,31.942499,-102.202003
MBS,MBS International Airport,Freeland,Michigan,US,43.531913,-84.082275
MCI,Kansas City International Airport,Kansas City,Missouri,US,39.2976,-94.713898
MCN,Middle Georgia Regional Airport,Macon,Georgia,US,32.69279861,-83.64920044
MCO,Orlando International Airport,Orlando,Florida,US,28.42939949,-81.30899811
MCW,Mason City Municipal Airport,Mason City,Iowa,US,43.159801,-93.329716
MDT,Harrisburg International Airport,Harrisburg,Pennsylvania,US,40.193501,-76.763397
MDW,Chicago Midway International Airport,Chicago,Illinois,US,41.785999,-87.752403
MEI,Key Field / Meridian Regional Airport,Meridian,Mississippi,US,32.3326,-88.7519
MEM,Memphis International Airport,Memphis,Tennessee,US,35.0424,-89.9767
MFE,McAllen Miller International Airport,McAllen,Texas,US,26.176141,-98.237965
MFR,Rogue Valley International Medford Airport,Medford,Oregon,US,42.37419891,-122.8730011
MGM,Montgomery Regional (Dannelly Field) Airport,Montgomery,Alabama,US,32.300598,-86.393997
MHK,Manhattan Regional Airport,Manhattan,Kansas,US,39.14099884,-96.67079926
MHT,Manchester-Boston Regional Airport,Manchester,New Hampshire,US,42.932598,-71.435699
MIA,Miami International Airport,Miami,Florida,US,25.7932,-80.290604
MKC,Charles B. Wheeler Downtown Airport,Kansas City,Missouri,US,39.123199,-94.592796
MKE,General Mitchell International Airport,Milwaukee,Wisconsin,US,42.947201,-87.896599
MKG,Muskegon County Airport,Muskegon,Michigan,US,43.169498,-86.238197
MKK,Molokai Airport,Kaunakakai,Hawaii,US,21.152901,-157.095993
MLB,Melbourne Orlando International Airport,Melbourne,Florida,US,28.1028,-80.645302
MLI,Quad City International Airport,Moline,Illinois,US,41.448502,-90.5075
MLU,Monroe Regional Airport,Monroe,Louisiana,US,32.510899,-92.037697
MMH,Mammoth Yosemite Airport,Mammoth Lakes,California,US,37.625381,-118.84306
MOB,Mobile Regional Airport,Mobile,Alabama,US,30.6912,-88.242798
MOD,Modesto City Co-Harry Sham Field,Modesto,California,US,37.625801,-120.954002
MOT,Minot International Airport,Minot,North Dakota,US,48.25939941,-101.2799988
MQT,Marquette/Sawyer International Airport,Gwinn,Michigan,US,46.3536,-87.395401
MRY,Monterey Peninsula Airport,Monterey,California,US,36.5870018,-121.8430023
MSN,Dane County Regional Truax Field,Madison,Wisconsin,US,43.1399,-89.337502
MSO,Missoula International Airport,Missoula,Montana,US,46.91630173,-114.0910034
MSP,Minneapolis–Saint Paul International Airport / Wold–Chamberlain Field,Minneapolis,Minnesota,US,44.880081,-93.221741
MSY,Louis Armstrong New Orleans International Airport,New Orleans,Louisiana,US,29.993401,-90.258003
MTH,The Florida Keys Marathon Airport,Marathon,Florida,US,24.726101,-81.051399
MTJ,Montrose Regional Airport,Montrose,Colorado,US,38.5098,-107.893997
MVY,Martha's Vineyard Airport,Martha's Vineyard,Massachusetts,US,41.39310074,-70.61430359
MWH,Grant County International Airport,Moses Lake,Washington,US,47.20769882,-119.3199997
MYR,Myrtle Beach International Airport,Myrtle Beach,South Carolina,US,33.679699,-78.928299
OAJ,Albert J Ellis Airport,Richlands,North Carolina,US,34.829201,-77.612099
OAK,San Francisco Bay Oakland International Airport,Oakland,California,US,37.720085,-122.221184
OGD,Ogden Hinckley Airport,Ogden,Utah,US,41.19589996,-112.012001
OGG,Kahului International Airport,Kahului,Hawaii,US,20.896263,-156.431837
OGS,Ogdensburg International Airport,Ogdensburg,New York,US,44.6819,-75.4655
OKC,Will Rogers World Airport,Oklahoma City,Oklahoma,US,35.393388,-97.598248
OMA,Eppley Airfield,Omaha,Nebraska,US,41.3032,-95.894096
OME,Nome Airport,Nome,Alaska,US,64.5121994,-165.4450073
ONT,Ontario International Airport,Ontario,California,US,34.056,-117.600998
ORD,Chicago O'Hare International Airport,Chicago,Illinois,US,41.9786,-87.9048
ORF,Norfolk International Airport,Norfolk,Virginia,US,36.895341,-76.201
ORH,Worcester Regional Airport,Worcester,Massachusetts,US,42.2673,-71.875702
OTH,Southwest Oregon Regional Airport,North Bend,Oregon,US,43.417099,-124.2460022
OTZ,Ralph Wien Memorial Airport,Kotzebue,Alaska,US,66.88469696,-162.598999
OWB,Owensboro Daviess County Airport,Owensboro,Kentucky,US,37.74010086,-87.16680145
OXR,Oxnard Airport,Oxnard,California,US,34.20080185,-119.2070007
PAE,Seattle Paine Field International Airport,Everett,Washington,US,47.9063,-122.281998
PAH,Barkley Regional Airport,Paducah,Kentucky,US,37.06079865,-88.77380371
PBG,Plattsburgh International Airport,Plattsburgh,New York,US,44.65090179,-73.4681015
PBI,Palm Beach International Airport,West Palm Beach,Florida,US,26.683201,-80.095596
PDX,Portland International Airport,Portland,Oregon,US,45.588699,-122.598
PGD,Punta Gorda Airport,Punta Gorda,Florida,US,26.9202,-81.990501
PGV,Pitt-Greenville Airport,Greenville,North Carolina,US,35.635535,-77.384262
PHF,Newport News Williamsburg International Airport,Newport News,Virginia,US,37.131901,-76.492996
PHL,Philadelphia International Airport,Philadelphia,Pennsylvania,US,39.871899,-75.241096
PHX,Phoenix Sky Harbor International Airport,Phoenix,Arizona,US,33.435302,-112.005905
PIA,General Wayne A. Downing Peoria International Airport,Peoria,Illinois,US,40.6642,-89.693298
PIB,Hattiesburg Laurel Regional Airport,Moselle,Mississippi,US,31.4671,-89.337097
PIE,St. Petersburg Clearwater International Airport,Pinellas Park,Florida,US,27.9102,-82.687401
PIH,Pocatello Regional Airport,Pocatello,Idaho,US,42.90980148,-112.5960007
PIR,Pierre Regional Airport,Pierre,South Dakota,US,44.38270187,-100.2860031
PIT,Pittsburgh International Airport,Pittsburgh,Pennsylvania,US,40.491501,-80.232903
PLN,Pellston Regional Airport of Emmet County Airport,Pellston,Michigan,US,45.57089996,-84.79669952
PMD,Palmdale Regional Airport / USAF Plant 42 Airport,Palmdale,California,US,34.629398,-118.084999
PNS,Pensacola International Airport,Pensacola,Florida,US,30.4734,-87.1866
PRC,Prescott International Airport - Ernest A. Love Field,Prescott,Arizona,US,34.654499,-112.419998
PSC,Tri Cities Airport,Pasco,Washington,US,46.264702,-119.119003
PSG,Petersburg James A Johnson Airport,Petersburg,Alaska,US,56.80170059,-132.9450073
PSM,Portsmouth International at Pease Airport,Portsmouth,New Hampshire,US,43.07789993,-70.82330322
PSP,Palm Springs International Airport,Palm Springs,California,US,33.8297,-116.507004
PUB,Pueblo Memorial Airport,Pueblo,Colorado,US,38.289101,-104.497002
PUW,Pullman-Moscow Regional Airport,Pullman,Washington,US,46.741601,-117.11163
PVD,Theodore Francis Green State Airport,Warwick,Rhode Island,US,41.725038,-71.425668
PVU,Provo-Utah Lake International Airport,Provo,Utah,US,40.2192,-111.723
PWM,Portland International Jetport,Portland,Maine,US,43.646198,-70.309303
RAP,Rapid City Regional Airport,Rapid City,South Dakota,US,44.04529953,-103.0569992
RCA,Ellsworth Air Force Base,Rapid City,South Dakota,US,44.14500046,-103.1039963
RDD,Redding Municipal Airport,Redding,California,US,40.50899887,-122.2929993
RDM,Roberts Field,Redmond,Oregon,US,44.254101,-121.150002
RDU,Raleigh Durham International Airport,Raleigh/Durham,North Carolina,US,35.877602,-78.787498
RFD,Chicago Rockford International Airport,Chicago/Rockford,Illinois,US,42.1954,-89.097198
RHI,Rhinelander Oneida County Airport,Rhinelander,Wisconsin,US,45.63119888,-89.46749878
RIC,Richmond International Airport,Richmond,Virginia,US,37.505199,-77.319702
RIW,Central Wyoming Regional Airport,Riverton,Wyoming,US,43.064201,-108.459999
RKS,Southwest Wyoming Regional Airport,Rock Springs,Wyoming,US,41.5942,-109.065001
RNO,Reno Tahoe International Airport,Reno,Nevada,US,39.4991,-119.767998
ROA,Roanoke–Blacksburg Regional Airport,Roanoke,Virginia,US,37.3255,-79.975403
ROC,Frederick Douglass Greater Rochester International Airport,Rochester,New York,US,43.1189,-77.672401
ROW,Roswell Air Center Airport,Roswell,New Mexico,US,33.301601,-104.530998
RST,Rochester International Airport,Rochester,Minnesota,US,43.908298,-92.5
RSW,Southwest Florida International Airport,Fort Myers,Florida,US,26.53619957,-81.75520325
SAF,Santa Fe Municipal Airport,Santa Fe,New Mexico,US,35.6171,-106.088997
SAN,San Diego International Airport,San Diego,California,US,32.73360062,-117.1900024
SAT,San Antonio International Airport,San Antonio,Texas,US,29.533701,-98.469803
SAV,Savannah Hilton Head International Airport,Savannah,Georgia,US,32.127602,-81.202103
SBA,Santa Barbara Municipal Airport,Santa Barbara,California,US,34.426201,-119.839996
SBN,South Bend Regional Airport,South Bend,Indiana,US,41.708698,-86.317299
SBP,San Luis County Regional Airport,San Luis Obispo,California,US,35.23680115,-120.6419983
SCC,Deadhorse Airport,Deadhorse,Alaska,US,70.19470215,-148.4649963
SCE,State College Regional Airport,State College,Pennsylvania,US,40.849374,-77.84852
SCK,Stockton Metropolitan Airport,Stockton,California,US,37.893279,-121.238079
SDF,Louisville Muhammad Ali International Airport,Louisville,Kentucky,US,38.1744,-85.736
SEA,Seattle–Tacoma International Airport,Seattle,Washington,US,47.447943,-122.310276
SFB,Orlando Sanford International Airport,Orlando,Florida,US,28.77759933,-81.23750305
SFO,San Francisco International Airport,San Francisco,California,US,37.619806,-122.374821
SGF,Springfield Branson National Airport,Springfield,Missouri,US,37.245701,-93.388603
SGU,St George Regional Airport,St George,Utah,US,37.036389,-113.510306
SHD,Shenandoah Valley Regional Airport,Weyers Cave,Virginia,US,38.263802,-78.8964
SHR,Sheridan County Airport,Sheridan,Wyoming,US,44.76919937,-106.9800034
SHV,Shreveport Regional Airport,Shreveport,Louisiana,US,32.446602,-93.8256
SIT,Sitka Rocky Gutierrez Airport,Sitka,Alaska,US,57.04710007,-135.3619995
SJC,Norman Y. Mineta San Jose International Airport,San Jose,California,US,37.362452,-121.929188
SJT,San Angelo Regional Mathis Field,San Angelo,Texas,US,31.35770035,-100.4960022
SKA,Fairchild Air Force Base,Spokane,Washington,US,47.615101,-117.655998
SLC,Salt Lake City International Airport,Salt Lake City,Utah,US,40.78886,-111.979866
SLE,Salem-Willamette Valley Airport/McNary Field,Salem,Oregon,US,44.9095,-123.002998
SLN,Salina Municipal Airport,Salina,Kansas,US,38.79100037,-97.65219879
SMF,Sacramento International Airport,Sacramento,California,US,38.6954,-121.591003
SMX,Santa Maria Public Airport Captain G Allan Hancock Field,Santa Maria,California,US,34.898899,-120.457001
SNA,John Wayne Orange County International Airport,Santa Ana,California,US,33.675701,-117.867996
SOP,Moore County Airport,Carthage,North Carolina,US,35.237184,-79.389381
SPI,Abraham Lincoln Capital Airport,Springfield,Illinois,US,39.844101,-89.677902
SPS,Wichita Falls Municipal Airport / Sheppard Air Force Base,Wichita Falls,Texas,US,33.9888,-98.491898
SRQ,Sarasota Bradenton International Airport,Sarasota/Bradenton,Florida,US,27.394631,-82.554359
STC,Saint Cloud Regional Airport,Saint Cloud,Minnesota,US,45.5466,-94.059898
STL,St. Louis Lambert International Airport,St Louis,Missouri,US,38.748697,-90.370003
STS,Charles M. Schulz Sonoma County Airport,Santa Rosa,California,US,38.50899887,-122.8130035
SUN,Friedman Memorial Airport,Hailey,Idaho,US,43.50439835,-114.2959976
SUX,Sioux Gateway Airport / Brigadier General Bud Day Field,Sioux City,Iowa,US,42.397605,-96.382237
SWF,New York Stewart International Airport,Newburgh,New York,US,41.504101,-74.104797
SWO,Stillwater Regional Airport,Stillwater,Oklahoma,US,36.162132,-97.085581
SYR,Syracuse Hancock International Airport,Syracuse,New York,US,43.11119843,-76.10630035
TBN,Waynesville-St. Robert Regional Airport-Forney Field,Fort Leonard Wood,Missouri,US,37.7416,-92.140701
TEX,Telluride Regional Airport,Telluride,Colorado,US,37.9538,-107.907997
TKI,Tokeen Seaplane Base,Tokeen,Alaska,US,55.937099,-133.326996
TLH,Tallahassee Regional Airport,Tallahassee,Florida,US,30.3965,-84.350304
TOL,Eugene F. Kranz Toledo Express Airport,Toledo,Ohio,US,41.5868,-83.8078
TPA,Tampa International Airport,Tampa,Florida,US,27.9755,-82.533203
TRI,Tri-Cities Regional TN/VA Airport,Blountville,Tennessee,US,36.475201,-82.407401
TTN,Trenton Mercer Airport,Ewing Township,New Jersey,US,40.276699,-74.813499
TUL,Tulsa International Airport,Tulsa,Oklahoma,US,36.19839859,-95.88809967
TUP,Tupelo Regional Airport,Tupelo,Mississippi,US,34.26810074,-88.76989746
TUS,Tucson International Airport / Morris Air National Guard Base,Tucson,Arizona,US,32.115004,-110.938053
TVC,Cherry Capital Airport,Traverse City,Michigan,US,44.74140167,-85.5821991
TWF,Joslin Field Magic Valley Regional Airport,Twin Falls,Idaho,US,42.4818,-114.487999
TXK,Texarkana Regional Airport (Webb Field),Texarkana,Arkansas,US,33.453701,-93.990997
TYR,Tyler Pounds Regional Airport,Tyler,Texas,US,32.35409927,-95.40239716
TYS,McGhee Tyson Airport,Alcoa,Tennessee,US,35.811001,-83.994003
UIN,Quincy Regional Airport Baldwin Field,Quincy,Illinois,US,39.942699,-91.194603
USA,Concord-Padgett Regional Airport,Concord,North Carolina,US,35.387798,-80.709099
UST,Northeast Florida Regional Airport,St Augustine,Florida,US,29.9592,-81.339798
UTM,Tunica Municipal Airport,Tunica,Mississippi,US,34.68505,-90.347757
VCT,Victoria Regional Airport,Victoria,Texas,US,28.8526001,-96.91850281
VEL,Vernal Regional Airport,Vernal,Utah,US,40.436214,-109.511661
VIS,Visalia Municipal Airport,Visalia,California,US,36.318699,-119.392998
VLD,Valdosta Regional Airport,Valdosta,Georgia,US,30.78249931,-83.27670288
VPS,Destin-Fort Walton Beach Airport,Valparaiso,Florida,US,30.4832,-86.525398
WRG,Wrangell Airport,Wrangell,Alaska,US,56.48429871,-132.3699951
WYS,Yellowstone Airport,West Yellowstone,Montana,US,44.6884,-111.117996
XNA,Northwest Arkansas National Airport,Fayetteville/Springdale/Rogers,Arkansas,US,36.281898,-94.306801
XWA,Williston Basin International Airport,Williston,North Dakota,US,48.258387,-103.748797
YAK,Yakutat Airport,Yakutat,Alaska,US,59.508717,-139.660435
YKM,Yakima Air Terminal McAllister Field,Yakima,Washington,US,46.56819916,-120.5439987
YNG,Youngstown Warren Regional Airport,Youngstown/Warren,Ohio,US,41.26070023,-80.67910004
YUM,Yuma International Airport / Marine Corps Air Station Yuma,Yuma,Arizona,US,32.650938,-114.609375
BQN,"Aguadilla, PR: Rafael Hernandez [GPS NOT FOUND]",Unknown,Unknown,US,39.8283,-98.5795
GUM,"Guam, TT: Guam International [GPS NOT FOUND]",Unknown,Unknown,US,39.8283,-98.5795
ISN,"Williston, ND: Sloulin Field International [GPS NOT FOUND]",Unknown,Unknown,US,39.8283,-98.5795
PFN,"Panama City, FL: Bay County [GPS NOT FOUND]",Unknown,Unknown,US,39.8283,-98.5795
PPG,"Pago Pago, TT: Pago Pago International [GPS NOT FOUND]",Unknown,Unknown,US,39.8283,-98.5795
PSE,"Ponce, PR: Mercedita [GPS NOT FOUND]",Unknown,Unknown,US,39.8283,-98.5795
SJU,"San Juan, PR: Luis Munoz Marin International [GPS NOT FOUND]",Unknown,Unknown,US,39.8283,-98.5795
SPN,"Saipan, TT: Francisco C. Ada Saipan International [GPS NOT FOUND]",Unknown,Unknown,US,39.8283,-98.5795
STT,"Charlotte Amalie, VI: Cyril E King [GPS NOT FOUND]",Unknown,Unknown,US,39.8283,-98.5795
STX,"Christiansted, VI: Henry E. Rohlsen [GPS NOT FOUND]",Unknown,Unknown,US,39.8283,-98.5795